cdr1,cdr2,cdr3,vgene,label
SLRSYY,GKN,QAWDSSTVV,IGLV3-19,6
SSNIGAGYD,GNS,QSYDSSLSASVV,IGLV1-40,13
SSNIGAGYD,GNS,QSYDSSLSGEVV,IGLV1-40,8
SSNIGNNY,ENN,GPWDSSLSVYV,IGLV1-51,5
SLRSFY,GKN,NSRDSSGNHLV,IGLV3-19,14
SSNIGAGSD,GNS,QSYDSSLSGSWV,IGLV1-40,5
RPNIGAGYD,GNS,QSYDSSLSGVV,IGLV1-40,6
SLRSYY,GKN,NSRESSGNHLVV,IGLV3-19,7
SSNIGNNY,DNN,GNWDSSLSAGV,IGLV1-51,6
SSNIGSNY,RNN,AAWDDSLSAV,IGLV1-47,16
ALPKQY,KDS,QSTDSSGTYYV,IGLV3-25,6
SSNIGNNY,ENN,GTWDNSLSGGV,IGLV1-51,12
SSDVGGYNY,DVS,CSYTSSSTLVV,IGLV2-14,9
SFNIGSNT,SNN,AAWDDSLNGVV,IGLV1-44,7
SSDVGGYNY,EVS,RSYTSSSTWV,IGLV2-14,11
SSNIGRNY,DNN,GTWDSSLSDYV,IGLV1-51,5
SPNIGAGYD,GNS,QSYDSSLVV,IGLV1-40,4
SSNIGAGYD,GNT,QSYDSSLSGWG,IGLV1-40,3
KLGDKY,QDS,QAWDSSIPHVV,IGLV3-1,2
KLGDTY,QDS,QAWDSSNVV,IGLV3-1,3
KLGNKY,QDN,QAWDSNTLNWV,IGLV3-1,2
RLGDNY,QDY,QAWDSSTAFV,IGLV3-1,1
RLWEKY,QHT,QVSDSTGDHLYV,IGLV3-1,1
SSDGGGYNY,DVS,SSYTSSSTLGV,IGLV2-14,12
NNGSKS,DDS,QVWDSSSDHPGV,IGLV3-21,5
SYNIGSNT,SNN,AAWDDSLNGYV,IGLV1-44,14
QSISSY,AAS,QQSYSTPQFT,IGKV1-39,5
SSDVGGYNY,GVS,SSYTSSSTQV,IGLV2-14,6
SSNIGAGYD,GNS,QSYDSSLSDLV,IGLV1-40,8
QDIKSY,YAT,LQHGESPPT,IGKV14-126,6
SSNIGNNY,DNN,GTWDSSLSKV,IGLV1-51,6
SLRSYY,GKT,NSRDSSGNHLGV,IGLV3-19,5
SLRSYY,GKN,NSRDSSGNPSYV,IGLV3-19,20